{
   "main_menu" : [
      
   ],
   "crash_opening_cutscene" : [
      
   ],
   "crash_chapter_card" : [
      
   ],
   "crash_level_med_bay_cutscene" : [
      "cutscene_start"
   ],
   "crash_level_med_bay" : [
      "starting_spawn",
      "by_door"
   ],
   "crash_level_lower_deck_v2" : [
      "by_door_to_kitchen",
      "by_ladder_to_upper_deck",
      "by_door_to_left_bathroom",
      "by_door_to_airlock",
      "by_door_to_med_bay"
   ],
   "crash_level_left_bathroom" : [
      "by_door"
   ],
   "crash_level_kitchen" : [
      "by_door"
   ],
   "crash_level_kitchen_cutscene" : [
      "cutscene_start"
   ],
   "crash_level_upper_deck_v2" : [
      "by_ladder_to_lower_deck"
   ],
   "crash_level_bowels_intro" : [
      "by_exit",
      "initial_spawn"
   ],
   "crash_level_bowels_1" : [
      "initial_spawn",
      "by_exit"
   ],
   "crash_level_bowels_2" : [
      "by_entrance",
      "by_exit"
   ],
   "crash_level_bowels_3" : [
      "by_entrance",
      "by_exit"
   ],
   "crash_level_bowels_4" : [
      "by_exit",
      "by_entrance"
   ],
   "crash_level_bowels_4a" : [
      "by_entrance",
      "by_exit"
   ],
   "crash_level_bowels_4c" : [
      "by_exit",
      "by_entrance"
   ],
   "crash_level_bowels_4b" : [
      "by_entrance",
      "by_exit"
   ],
   "crash_level_bowels_5" : [
      "by_exit",
      "by_entrance"
   ],
   "crash_level_bowels_6" : [
      "by_exit",
      "by_entrance"
   ],
   "crash_level_airlock" : [
      "by_door"
   ],
   "crash_cutscene" : [
      
   ],
   "crash_level_boss_arena" : [
      "boss_spawn"
   ],
   "end_card" : [
      
   ],
   "village_flocks" : [
      "by_keeper_houses",
      "by_tails_passage",
      "by_left_hut",
      "by_right_hut"
   ],
   "village_flocks_left_hut" : [
      "by_outside"
   ],
   "village_flocks_right_hut" : [
      "by_outside"
   ],
   "village_keeper_clan" : [
      "by_farm_clan",
      "by_flocks",
      "by_lower_bunks",
      "by_upper_bunks",
      "by_keepers_tower_lower",
      "by_keepers_tower_upper"
   ],
   "village_keeper_lower_bunks" : [
      "by_outside",
      "by_upper_bunks"
   ],
   "village_keeper_tower_bottom_floor" : [
      "by_outside",
      "by_elevator_guy"
   ],
   "village_keeper_tower_middle_floor" : [
      "by_elevator_guy"
   ],
   "village_keeper_tower_top_floor" : [
      "by_outside",
      "by_elevator_guy"
   ],
   "village_keeper_upper_bunks" : [
      "by_lower_bunks",
      "by_outside"
   ],
   "village_north_entrance" : [
      "by_unknown",
      "by_northern_tails_passage"
   ],
   "village_tails_passage" : [
      "by_flocks"
   ],
   "village_alchemist_clan" : [
      "by_gathering_spot",
      "by_gardens",
      "by_creation_labs",
      "by_observatory",
      "by_creature_exchange_left",
      "by_creature_exchange_right",
      "by_materials_store"
   ],
   "village_creation_labs" : [
      "by_outside",
      "by_observatory",
      "by_greenhouse"
   ],
   "village_creature_exchange" : [
      "by_outside_left",
      "by_outside_right"
   ],
   "village_materials_store" : [
      "by_outside"
   ],
   "village_observatory" : [
      "by_outside",
      "by_creation_labs"
   ],
   "village_breeder_clan" : [
      "by_managerie",
      "by_farms",
      "by_farm_clan",
      "by_aviary",
      "by_barn",
      "by_toolshed"
   ],
   "village_aviary" : [
      "by_barn",
      "by_outside"
   ],
   "village_barn" : [
      "by_outside",
      "by_aviary"
   ],
   "village_winterbarn" : [
      "by_outside"
   ],
   "village_toolshed" : [
      "by_outside"
   ],
   "village_farm_clan" : [
      "by_gathering_spot",
      "by_breeder_clan",
      "by_keeper_clan",
      "by_farmhouse_left",
      "by_farmhouse_right"
   ],
   "village_farmhouse_left" : [
      "by_outside"
   ],
   "village_farmhouse_right" : [
      "by_outside"
   ],
   "village_farms" : [
      "by_breeder_clan"
   ],
   "village_gardens" : [
      "by_greenhouse",
      "by_alchemist_clan"
   ],
   "village_gathering_spot" : [
      "by_market",
      "by_farmer_clan",
      "by_alchemist_clan"
   ],
   "village_greenhouse" : [
      "by_creation_labs",
      "by_gardens"
   ],
   "village_managerie" : [
      "by_breeder_clan",
      "by_winterbarn"
   ],
   "village_alleyway" : [
      "by_main_square",
      "by_graveyard"
   ],
   "village_artisans_construction" : [
      "by_market",
      "by_artisans_creative_area",
      "by_left_building_lower",
      "by_left_building_upper",
      "by_right_building_lower",
      "by_right_building_upper",
      "by_smithy_secret"
   ],
   "village_artisans_construction_left_building_lower" : [
      "by_outside",
      "by_upper"
   ],
   "village_artisans_construction_left_building_upper" : [
      "by_lower",
      "by_outside"
   ],
   "village_artisans_construction_right_building_lower" : [
      "by_outside",
      "by_upper"
   ],
   "village_artisans_construction_right_building_upper" : [
      "by_lower",
      "by_outside"
   ],
   "village_artisans_construction_smithy" : [
      "by_outside"
   ],
   "village_artisans_creative" : [
      "by_artisans_construction_area",
      "by_building"
   ],
   "village_artisans_creative_building" : [
      "by_outside"
   ],
   "village_graveyard" : [
      "by_alleyway"
   ],
   "village_main_square" : [
      "by_south_entrance",
      "by_protector_clan",
      "by_alleyway",
      "by_market",
      "by_sheriffs_office",
      "by_church"
   ],
   "village_sheriffs_office_back" : [
      "by_office_front"
   ],
   "village_sheriffs_office" : [
      "by_outside",
      "by_back"
   ],
   "village_church" : [
      "by_outside"
   ],
   "village_market" : [
      "by_main_square",
      "by_artisan_construction_area",
      "by_gathering_spot",
      "by_left_building",
      "by_right_building"
   ],
   "village_market_left_building" : [
      "by_outside"
   ],
   "village_market_right_building" : [
      "by_outside"
   ],
   "village_protector_clan" : [
      "by_inside_left_building",
      "by_main_square",
      "by_inside_right_building_upper",
      "by_inside_right_building_lower"
   ],
   "village_protector_clan_left_building_entryway" : [
      "by_weight_room",
      "by_outside"
   ],
   "village_protector_clan_left_building_weight_room" : [
      "by_entryway"
   ],
   "village_protector_clan_right_building_bunks" : [
      "by_upper_room",
      "by_entryway"
   ],
   "village_protector_clan_right_building_entryway" : [
      "by_bunks",
      "by_outside"
   ],
   "village_protector_clan_right_building_upper_room" : [
      "by_outside",
      "by_bunks"
   ],
   "village_south_entrance" : [
      "by_main_square",
      "by_unknown",
      "by_venturer_clan",
      "by_right_init",
      "by_left_init"
   ],
   "village_left_init_foyer" : [
      "by_outside",
      "by_meeting_area"
   ],
   "village_left_init_meeting_area" : [
      "by_foyer"
   ],
   "village_right_init_foyer" : [
      "by_outside",
      "by_meeting_area"
   ],
   "village_right_init_meeting_area" : [
      "by_foyer"
   ],
   "village_venturer_clan" : [
      "by_venture_clan_inside_building",
      "by_south_entrance"
   ],
   "village_venturer_clan_inside_building" : [
      "by_venture_clan_outside"
   ]
}